{"cameraMode":{"drawMode":0,"name":"Shaded","section":"Shading Mode"},"sceneLighting":false,"audioPlay":false,"sceneViewState":{"showFog":true,"showMaterialUpdate":false,"showSkybox":true,"showFlares":true,"showImageEffects":true,"showParticleSystems":true},"in2DMode":false,"pivot":{"x":-13.397445678710938,"y":0.0,"z":9.999980926513672},"rotation":{"x":0.19259768724441529,"y":-0.004419886507093906,"z":0.0008683431660756469,"w":0.9812721610069275},"size":667.4832763671875,"orthographic":false}