{"cameraMode":{"drawMode":0,"name":"Shaded","section":"Shading Mode"},"sceneLighting":false,"audioPlay":false,"sceneViewState":{"showFog":true,"showMaterialUpdate":false,"showSkybox":true,"showFlares":true,"showImageEffects":true,"showParticleSystems":true},"in2DMode":false,"pivot":{"x":0.0,"y":-0.3999999761581421,"z":-35.779998779296878},"rotation":{"x":0.24384638667106629,"y":0.39684510231018069,"z":-0.11021386831998825,"w":0.8780127763748169},"size":2.8578836917877199,"orthographic":false}