{"cameraMode":{"drawMode":0,"name":"Shaded","section":"Shading Mode"},"sceneLighting":false,"audioPlay":false,"sceneViewState":{"showFog":true,"showMaterialUpdate":false,"showSkybox":true,"showFlares":true,"showImageEffects":true,"showParticleSystems":true},"in2DMode":false,"pivot":{"x":1.1240816116333008,"y":1.0,"z":59.96394729614258},"rotation":{"x":0.20782531797885896,"y":0.26747554540634158,"z":-0.05919792875647545,"w":0.939022421836853},"size":4.041658401489258,"orthographic":false}