{"cameraMode":{"drawMode":0,"name":"Shaded","section":"Shading Mode"},"sceneLighting":true,"audioPlay":false,"sceneViewState":{"showFog":true,"showMaterialUpdate":false,"showSkybox":true,"showFlares":true,"showImageEffects":true,"showParticleSystems":true},"in2DMode":false,"pivot":{"x":0.0,"y":1.2173446416854859,"z":4.499999523162842},"rotation":{"x":0.3036949932575226,"y":0.10433576256036759,"z":-0.03347921743988991,"w":0.946447491645813},"size":21.807811737060548,"orthographic":true}