{"cameraMode":{"drawMode":0,"name":"Shaded","section":"Shading Mode"},"sceneLighting":false,"audioPlay":false,"sceneViewState":{"showFog":true,"showMaterialUpdate":false,"showSkybox":true,"showFlares":true,"showImageEffects":true,"showParticleSystems":true},"in2DMode":false,"pivot":{"x":1099.66259765625,"y":774.378173828125,"z":-10.51922607421875},"rotation":{"x":0.02849544584751129,"y":0.00599734578281641,"z":-0.0001712209195829928,"w":0.9995779395103455},"size":22.0,"orthographic":false}