{"cameraMode":{"drawMode":0,"name":"Shaded","section":"Shading Mode"},"sceneLighting":false,"audioPlay":false,"sceneViewState":{"showFog":true,"showMaterialUpdate":false,"showSkybox":true,"showFlares":true,"showImageEffects":true,"showParticleSystems":true},"in2DMode":false,"pivot":{"x":208.96002197265626,"y":133.60000610351563,"z":0.0},"rotation":{"x":0.1496477723121643,"y":-0.03559079393744469,"z":0.005391057580709457,"w":0.9880874752998352},"size":1691.4835205078125,"orthographic":false}