{"cameraMode":{"drawMode":0,"name":"Shaded","section":"Shading Mode"},"sceneLighting":false,"audioPlay":false,"sceneViewState":{"showFog":true,"showMaterialUpdate":false,"showSkybox":true,"showFlares":true,"showImageEffects":true,"showParticleSystems":true},"in2DMode":false,"pivot":{"x":0.0,"y":0.1462494134902954,"z":-0.25047779083251955},"rotation":{"x":0.4827759563922882,"y":-0.022327177226543428,"z":0.012313355691730976,"w":0.8753752708435059},"size":20.23357391357422,"orthographic":false}